﻿<?xml version="1.0" encoding="UTF-8" standalone="yes"?>
<addon 
    id="plugin.audio.aguiafm"
    name="[COLOR gold]Águia[/COLOR] [COLOR cyan]FM[/COLOR]"
    version="1.2.6" 
    provider-name="@by_black_eagle">
    <requires>
		<import addon="xbmc.python" version="3.0.0"/>
	</requires>
	<extension point="xbmc.python.pluginsource" library="addon.py">
		<provides>audio</provides>
	</extension>
	<extension point="xbmc.addon.metadata">
		<platform>all</platform>
		<summary>[COLOR gold]Águia[/COLOR] [COLOR cyan]FM[/COLOR]</summary>
		<description>Online RadioStreams</description>
		<license></license>
		<language>pt</language>	
		<source></source>
		<email></email>
	<assets>
		<icon>icon.png</icon>
		<fanart>fanart.jpg</fanart>
		<banner></banner>
		<clearlogo></clearlogo>
		<screenshot></screenshot>
	</assets>
	</extension>
</addon>
