<?xml version="2.1" encoding="UTF-8" standalone="yes"?>
<addon id="script.x-codes.api" name="[COLORorange]Pach API X-Codes[/COLOR]" version="1.4.9" provider-name="[COLORorange]@By_Flech_anegra[/COLOR]">
   <requires>
	<import addon="script.module.six"/>
        <import addon="script.module.kodi-six"/>
	<import addon="plugin.video.x-codes" />
  </requires>
  <extension point="xbmc.python.pluginsource" library="main.py">
    <provides>executable</provides>
  </extension>  
  <extension point="xbmc.addon.metadata">
     <disclaimer lang="en"></disclaimer>
	 <disclaimer lang="pt"></disclaimer>
    <platform>all</platform>
    <summary>pach API X-Codes</summary>
		<description lang="en">[COLOR red]plugin.video.x-[/COLOR] [COLORorange]codes[/COLOR] [COLORorange]é um addon da familia ArrowNegra.TODOS OS LINKS ESTÃO DISPONIVEIS NA INTERNET![/COLOR]</description>
	
	<assets>
     <icon>icon.png</icon>
     <fanart>fanart.jpg</fanart>
    </assets>
  </extension>
</addon>