<?xml version="1.0" encoding="UTF-8" standalone="yes"?>
    <addon 
  id="repository.dregs1" 
  name="[COLOR orange]dre[/COLOR] [COLOR lime]gs1[/COLOR] [COLORcyan]Repository[/COLOR]" 
  version="0.1" 
  provider-name="@By_Black_Eagle">
  <requires>
    <import addon="xbmc.addon" version="12.0.0"/>  
  </requires>
  <extension point="xbmc.addon.repository" name="[COLOR red]dregs1[COLOR red]Repositorio[/COLOR]">
  <dir minversion="19.9.9">
      <info compressed="true">https://raw.github.com/dregs1/dregs1.github.io/master/nexus/addons.xml</info>
      <checksum>https://raw.github.com/dregs1/dregs1.github.io/master/nexus/addons.xml.md5</checksum>
      <datadir zip="true">https://raw.github.com/dregs1/dregs1.github.io/master/nexus</datadir>
      <hashes>false</hashes>
  </dir>   
  <dir minversion="19.0.0">
      <info compressed="true">https://raw.github.com/dregs1/dregs1.github.io/master/matrix/addons.xml</info>
      <checksum>https://raw.github.com/dregs1/dregs1.github.io/master/matrix/addons.xml.md5</checksum>
      <datadir zip="true">https://raw.github.com/dregs1/dregs1.github.io/master/matrix</datadir>
      <hashes>false</hashes>
  </dir>    
  <dir minversion="17.0.0" maxversion="18.9.0">
      <info compressed="true">https://raw.github.com/dregs1/dregs1.github.io/master/leia/addons.xml</info>
      <checksum>https://raw.github.com/dregs1/dregs1.github.io/master/leia/addons.xml.md5</checksum>
      <datadir zip="true">https://raw.github.com/dregs1/dregs1.github.io/master/leia</datadir>
      <hashes>false</hashes>
  </dir>
  <dir minversion="16.0.0" maxversion="17.0.0">
      <info compressed="true">https://raw.github.com/dregs1/dregs1.github.io/master/krypton/addons.xml</info>
      <checksum>https://raw.github.com/dregs1/dregs1.github.io/master/krypton/addons.xml.md5</checksum>
      <datadir zip="true">https://raw.github.com/dregs1/dregs1.github.io/master/krypton</datadir>
      <hashes>false</hashes>
  </dir>
  </extension>
  <extension point="xbmc.addon.metadata">
    <summary>repositorio Dregs1</summary>
    <description>repositorio oficial Dregs1 - Proibido reproducao sem autorização prévia</description>
    <disclaimer></disclaimer>
    <platform>all</platform>
    <assets>
      <icon>icon.png</icon>
      <fanart>fanart.jpg</fanart>
    </assets>
  </extension>
</addon>
