<?xml version="1.0" encoding="UTF-8" standalone="yes"?>
<addon id="script.blackarrow.kodilimpo" name="blackarrow.kodilimpo" provider-name="LM @Black Eagle" version="1.9"> 
  <requires>
    <import addon="xbmc.python" version="2.1.0" /> 
  </requires>
  <extension library="default.py" point="xbmc.python.pluginsource">
        <provides>executable</provides>
  </extension>
  <extension library="service.py" point="xbmc.service" start="startup"> 
        <provides>executable</provides>
  </extension>
  <extension point="xbmc.addon.metadata"> 
    <platform>all</platform>
        <summary lang="en_GB">Clean up temporary files in Kodi.</summary>
    <license>GNU GENERAL PUBLIC LICENSE. Version 2, June 1991</license>
    
    
    <description lang="en_GB">Clean up temporary files in Kodi.</description>
    

    <assets>
        <icon>icon.png</icon>
        <fanart>fanart.jpg</fanart>
        
    </assets>
  </extension>
</addon>
