<?xml version="1.0" encoding="UTF-8" standalone="yes"?>
<addon id="script.quicksilver.artwork" version="0.0.3" name="[COLORsilver]Quicksilver Artwork[/COLOR]" provider-name="Quicksilver">
    <requires>
    <import addon="xbmc.python" version="3.0.0"/>
    </requires>
    <extension point="xbmc.python.module" library="lib" />
    <extension point="xbmc.addon.metadata">
        <summary>Quicksiler Artwork</summary>
        <description>Provides Quicksillver Artwork</description>
        <platform>all</platform>
        <assets>
            <icon>icon.png</icon>
            <fanart>fanart.jpg</fanart>
        </assets>
    </extension>
</addon>
