<?xml version="1.0" encoding="UTF-8" standalone="yes"?>
<addon id="plugin.video.blackeagle" name="[COLOR orange]Black [/COLOR][COLORgold]Eagle[/COLOR]" version="0.1" provider-name="[COLOR orange]@by_blak_eagle[/COLOR]">
  <extension point="xbmc.python.pluginsource"
      library="default.py">
    <provides>video</provides>
  </extension>
  <extension point="xbmc.addon.metadata">
		<summary>[COLOR lime]Canais de Televisão, desportos e mais...[/COLOR]</summary>
		<description lang="en">[COLOR orange]Black[/COLOR] [COLOR gold]Eagle[/COLOR] [COLORorange]é um addon da familia Blackeagle.TODOS OS LINKS ESTÃO DISPONIVEIS NA INTERNET![/COLOR]</description>
		<platform>all</platform>
		<assets>
       <icon>icon.png</icon>
       <fanart>fanart.jpg</fanart>
       <screenshot>resources/screenshots/1.jpg</screenshot>
       <screenshot>resources/screenshots/2.jpg</screenshot>
       <screenshot>resources/screenshots/3.jpg</screenshot>
    </assets>
  </extension>
</addon>