<?xml version="1.0" encoding="UTF-8"?>
<addon
  id="pvr.aguia.de.fogo"
  version="3.4.11"
  name="[COLORorange]ÁGUIA DE [COLORred]FOGO[/COLOR]"
  provider-name="Black Eagle">
  <requires>
<import addon="kodi.binary.global.main" version="1.0.14"/>
<import addon="kodi.binary.instance.pvr" version="5.10.3"/></requires>
  <extension
    point="xbmc.pvrclient"
    library_windows="pvr.aguia.de.fogo.dll"/>
  <extension point="xbmc.addon.metadata">
    <summary lang="af_ZA">PVR Kliënt om Kodi aan Aguia.de.Fogo Middleware te konnekteer</summary>
    <summary lang="bg_BG">Клиент за ПВР за свързване на Kodi със „Aguia.de.Fogo Middleware“</summary>
    <summary lang="ca_ES">Client PVR per connectar Kodi al Middleware Aguia.de.Fogo</summary>
    <summary lang="cs_CZ">Klient PVR pro připojení Kodi k Aguia.de.Fogo Middleware</summary>
    <summary lang="da_DK">PVR klient som forbinder Kodi til Aguia.de.Fogo Middleware</summary>
    <summary lang="de_DE">PVR Client um Kodi mit Aguia.de.Fogo Middleware zu verbinden</summary>
    <summary lang="el_GR">ΠελάτηςPVR για σύνδεση του Kodi με τοAguia.de.Fogo Middleware</summary>
    <summary lang="en_GB">PVR Client to connect Kodi to Aguia.de.Fogo Middleware</summary>
    <summary lang="en_NZ">PVR Client to connect Kodi to Aguia.de.Fogo Middleware</summary>
    <summary lang="en_US">PVR Client to connect Kodi to Aguia.de.Fogo Middleware</summary>
    <summary lang="es_ES">Cliente PVR para conectar Kodi al Middleware Aguia.de.Fogo</summary>
    <summary lang="es_MX">Cliente PVR para conectar Kodi al Aguia.de.Fogo Middleware</summary>
    <summary lang="et_EE">PVR'i klient ühendamaks Kodi Aguia.de.Fogo Middleware'ga</summary>
    <summary lang="fi_FI">Kodin Aguia.de.Fogo Middleware -asiakasohjelma</summary>
    <summary lang="fr_CA">Client de numériscope pour connecter Kodi à l’intergiciel Aguia.de.Fogo</summary>
    <summary lang="fr_FR">Client enregistreur vidéo (PVR) pour connecter Kodi à l'intergiciel Aguia.de.Fogo</summary>
    <summary lang="gl_ES">Cliente PVR para conectar Kodi a un Aguia.de.Fogo Middleware</summary>
    <summary lang="he_IL">לקוח טלוויזיה חיה עבור Aguia.de.Fogo Middleware</summary>
    <summary lang="hr_HR">PVR klijent za povezivanje Kodija na Aguia.de.Fogo Middleware</summary>
    <summary lang="hu_HU">PVR ügyfél, ami összeköti a Kodit a Aguia.de.Fogo köztes réteggel</summary>
    <summary lang="id_ID">PVR Client untuk menghubungkan Kodi ke Aguia.de.Fogo Middleware </summary>
    <summary lang="is_IS">Upptökubiðlari til að tengja Kodi við Aguia.de.Fogo Middleware</summary>
    <summary lang="it_IT">Client PVR per connettere Kodi a Aguia.de.Fogo Middleware</summary>
    <summary lang="ko_KR">Kodi를 Aguia.de.Fogo 미들웨어로 연결하는 PVR 클라이언트</summary>
    <summary lang="lt_LT">PVR klientas Kodi sujungimui su Aguia.de.Fogo Middleware</summary>
    <summary lang="lv_LV">PVR klients, lai pieslēgtu Kodi pie Aguia.de.Fogo Middleware</summary>
    <summary lang="ms_MY">Klien PVR untuk sambungkan Kodi dengan Aguia.de.Fogo Middleware</summary>
    <summary lang="nb_NO">PVR-klient for å koble Kodi til Aguia.de.Fogo Mellomvare</summary>
    <summary lang="nl_NL">PVR-cliënt verbindt Kodi met Aguia.de.Fogo Middleware</summary>
    <summary lang="pl_PL">Klient telewizji dla platformy Aguia.de.Fogo Middleware</summary>
    <summary lang="pt_BR">Cliente PVR para conectar Kodi para o Middleware Aguia.de.Fogo</summary>
    <summary lang="pt_PT">Cliente PVR para ligar o Kodi ao Aguia.de.Fogo Middleware</summary>
    <summary lang="ro_RO">Client PVR pentru conectarea Kodi la platforma Aguia.de.Fogo</summary>
    <summary lang="ru_RU">Клиент PVR для подключения Aguia.de.Fogo Middleware к Kodi</summary>
    <summary lang="sk_SK">PVR klient na prepojenie Kodi so Aguia.de.Fogo softverom</summary>
    <summary lang="sl_SI">Odjemalec PVC, s katerim se Kodi poveže s Aguia.de.Fogo Middleware</summary>
    <summary lang="sr_RS">PVR Клијент за повезивање Kodi са Aguia.de.Fogo Middleware</summary>
    <summary lang="sr_RS@latin">PVR Klijent za povezivanje Kodi sa Aguia.de.Fogo Middleware</summary>
    <summary lang="sv_SE">PVR-klient för anslutning av Kodi till Aguia.de.Fogo Middleware</summary>
    <summary lang="szl">Klijynt telewizyje dlŏ platformy Aguia.de.Fogo Middleware</summary>
    <summary lang="tr_TR">PVR İstemcisi Kodi'yi Aguia.de.Fogo Middleware'e bağlar</summary>
    <summary lang="vi_VN">Trình PVR để kết nối Kodi với Aguia.de.Fogo Middleware</summary>
    <summary lang="zh_CN">Kodi 连接 Aguia.de.Fogo Middleware 的 PVR 客户端</summary>
    <summary lang="zh_TW">連接至 Aguia.de.Fogo Middleware 的Kodi PVR用戶端</summary>
    <description lang="af_ZA">PVR Kliënt om Kodi aan Aguia.de.Fogo Middleware te konnekteer</description>
    <description lang="bg_BG">Клиент за ПВР за свързване на Kodi със „Aguia.de.Fogo Middleware“</description>
    <description lang="ca_ES">Client PVR per connectar Kodi al Middleware Aguia.de.Fogo</description>
    <description lang="cs_CZ">Klient PVR pro připojení Kodi k Aguia.de.Fogo Middleware</description>
    <description lang="da_DK">PVR klient som forbinder Kodi til Aguia.de.Fogo Middleware</description>
    <description lang="de_DE">PVR Client um Kodi mit Aguia.de.Fogo Middleware zu verbinden</description>
    <description lang="el_GR">Πελάτης PVR για σύνδεση του Kodi με το Aguia.de.Fogo Middleware</description>
    <description lang="en_GB">PVR Client to connect Kodi to Aguia.de.Fogo Middleware</description>
    <description lang="en_NZ">PVR Client to connect Kodi to Aguia.de.Fogo Middleware</description>
    <description lang="en_US">PVR Client to connect Kodi to Aguia.de.Fogo Middleware</description>
    <description lang="es_ES">Cliente PVR para conectar Kodi al Middleware Aguia.de.Fogo</description>
    <description lang="es_MX">Cliente PVR para conectar Kodi al Aguia.de.Fogo Middleware</description>
    <description lang="et_EE">PVR'i klient ühendamaks Kodi Aguia.de.Fogo Middleware'ga</description>
    <description lang="fi_FI">PVR-asiakasohjelma, joka kytkeytyy Aguia.de.Fogo Middlewareen</description>
    <description lang="fr_CA">Client de numériscope pour connecter Kodi à l’intergiciel Aguia.de.Fogo</description>
    <description lang="fr_FR">Client enregistreur vidéo (PVR) pour connecter Kodi à l'intergiciel Aguia.de.Fogo</description>
    <description lang="gl_ES">Cliente PVR que conecta Kodi a un Aguia.de.Fogo Middleware</description>
    <description lang="he_IL">לקוח טלוויזיה חיה עבור Aguia.de.Fogo Middleware</description>
    <description lang="hr_HR">PVR klijent za povezivanje Kodija na Aguia.de.Fogo Middleware</description>
    <description lang="hu_HU">PVR ügyfél, ami összeköti a Kodit a Aguia.de.Fogo köztes réteggel</description>
    <description lang="id_ID">PVR Client untuk menghubungkan Kodi ke Aguia.de.Fogo Middleware </description>
    <description lang="is_IS">Upptökubiðlari til að tengja Kodi við Aguia.de.Fogo Middleware</description>
    <description lang="it_IT">Client PVR per connettere Kodi a Aguia.de.Fogo Middleware</description>
    <description lang="ko_KR">Kodi를 Aguia.de.Fogo 미들웨어로 연결하는 PVR 클라이언트</description>
    <description lang="lt_LT">PVR klientas Kodi sujungimui su Aguia.de.Fogo Middleware</description>
    <description lang="lv_LV">PVR klients, lai pieslēgtu Kodi pie Aguia.de.Fogo Middleware</description>
    <description lang="ms_MY">Klien PVR untuk sambungkan Kodi dengan Aguia.de.Fogo Middleware</description>
    <description lang="nb_NO">PVR Klient for å koble Kodi til Aguia.de.Fogo-mellomvare</description>
    <description lang="nl_NL">PVR-cliënt verbindt Kodi met Aguia.de.Fogo Middleware</description>
    <description lang="pl_PL">Klient telewizji dla platformy Aguia.de.Fogo Middleware</description>
    <description lang="pt_BR">Cliente PVR para conectar Kodi para o Middleware Aguia.de.Fogo</description>
    <description lang="pt_PT">Cliente PVR para ligar o Kodi ao Middleware Aguia.de.Fogo</description>
    <description lang="ro_RO">Client PVR pentru conectarea Kodi la platforma Aguia.de.Fogo</description>
    <description lang="ru_RU">Клиент PVR для подключения Aguia.de.Fogo Middleware к Kodi</description>
    <description lang="sk_SK">PVR klient na prepojenie Kodi so Aguia.de.Fogo softverom</description>
    <description lang="sl_SI">Odjemalec PVC, s katerim se Kodi poveže s Aguia.de.Fogo Middleware</description>
    <description lang="sr_RS">PVR Клијент за повезивање Kodi са Aguia.de.Fogo Middleware</description>
    <description lang="sr_RS@latin">PVR Klijent za povezivanje Kodi sa Aguia.de.Fogo Middleware</description>
    <description lang="sv_SE">PVR-klient för anslutning av Kodi till Aguia.de.Fogo Middleware</description>
    <description lang="szl">Klijynt telewizyje dlŏ platformy Aguia.de.Fogo Middleware</description>
    <description lang="tr_TR">PVR İstemcisi Kodi'yi Aguia.de.Fogo Middleware'e bağlar</description>
    <description lang="vi_VN">Trình PVR để kết nối Kodi với Aguia.de.Fogo Middleware</description>
    <description lang="zh_CN">Kodi 连接 Aguia.de.Fogo Middleware 的 PVR 客户端</description>
    <description lang="zh_TW">連接至 Aguia.de.Fogo Middleware 的Kodi PVR用戶端</description>
    <disclaimer lang="af_ZA">Hierdie is onstabiele sagteware! Die outeurs is op geen manier verantwoordelik vir gefaalde opnames, inkorrekte tydhouers, gemorsde ure, of enige ander ongewensde effekte.</disclaimer>
    <disclaimer lang="be_BY">This is unstable software! The authors are in no way responsible for failed recordings, incorrect timers, wasted hours, or any other undesirable effects..</disclaimer>
    <disclaimer lang="bg_BG">Тази програма е нестабилна! Авторите не носят отговорност за неуспешно записване, некоректни броячи, пропиляно време и други нежелани ефекти.</disclaimer>
    <disclaimer lang="ca_ES">Això és programari inestable! Els autors no són de cap manera responsables dels enregistraments que han fallat, temporitzadors incorrectes, hores perdudes, o qualssevol altres efectes no desitjats..</disclaimer>
    <disclaimer lang="cs_CZ">Tento software není stabilní! Autoři nejsou žádným způsobem zodpovědní za neúspěšná nahrávání, chybné časovače, ztracený čas nebo jakékoliv jiné nežádoucí výsledky…</disclaimer>
    <disclaimer lang="cy_GB">Mae hwn yn feddalwedd ansad! Nid yw'r awduron yn gyfrifol mewn unrhyw ffordd am fethu recordio, amseru gwallus, oriau wedi eu gwastraffu nac effeithiau anymunol eraill.</disclaimer>
    <disclaimer lang="da_DK">Dette er ustabil software! Ophavsmændene er på ingen måde ansvarlige for mislykkede optagelser, ukorrekte timere, spildte timer, eller andre uønskede konsekvenser..</disclaimer>
    <disclaimer lang="de_DE">Dies ist instabile Software! Die Autoren sind in keiner Weise verantwortlich für fehlgeschlagene Aufnahmen, falsche Timer, verschwendete Zeit oder andere ungewünschte Effekte.</disclaimer>
    <disclaimer lang="el_GR">Ασταθές πρόγραμμα! Οι δημιουργοί δεν είναι σε καμία περίπτωση υπεύθυνοι για αποτυχημένες εγγραφές, λανθασμένους χρονοδιακόπτες, χαμένες ώρες, ή κάθε είδους ανεπιθύμητα αποτελέσματα..</disclaimer>
    <disclaimer lang="en_AU">This is unstable software! The authors are in no way responsible for failed recordings, incorrect timers, wasted hours, or any other undesirable effects..</disclaimer>
    <disclaimer lang="en_GB">This is unstable software! The authors are in no way responsible for failed recordings, incorrect timers, wasted hours, or any other undesirable effects..</disclaimer>
    <disclaimer lang="en_NZ">This is unstable software! The authors are in no way responsible for failed recordings, incorrect timers, wasted hours, or any other undesirable effects..</disclaimer>
    <disclaimer lang="en_US">This is unstable software! The authors are in no way responsible for failed recordings, incorrect timers, wasted hours, or any other undesirable effects..</disclaimer>
    <disclaimer lang="es_AR">¡Este software es inestable! Los autores no se responsabilizan por grabaciones fallidas, temporizadores incorrectos, horas perdidas, o cualquier otro efecto no deseado..</disclaimer>
    <disclaimer lang="es_ES">¡Este es un software inestable! Los autores no son de ninguna manera responsables de las grabaciones fallidas o incorrectas, las temporizadores perdidas, ni otros efectos no deseables..</disclaimer>
    <disclaimer lang="es_MX">¡Esto es software inestable! Los autores no son de ninguna manera responsables por grabaciones fallidas, temporizadores incorrectos, horas perdidas o cualquier otro efecto no deseado...</disclaimer>
    <disclaimer lang="et_EE">See on ebastabiilne tarkvara! Autorid ei ole kuidagi moodi vastutavad nurjunud salvestiste, ebaõige aegrelee, raisatud tundide ega muude soovimatute asjade eest.</disclaimer>
    <disclaimer lang="eu_ES">Software hau ezegonkorra da! Egilea ez da arduratzen grabazio-erroreetaz, kronometro-erroreetaz, ordu galduetaz edo beste edozein ondorio ezerosoetaz.</disclaimer>
    <disclaimer lang="fi_FI">Tämä on epävakaa ohjelma! Sen tekijät eivät ole millään muotoa vastuussa epäonnistuneista tallennuksista, virheellisistä ajastuksista, haaskatusta ajasta, verenpaineen noususta tai mistään muusta epäsuotuisasta vaikutuksesta.</disclaimer>
    <disclaimer lang="fr_CA">Ce logiciel est instable ! Les auteurs ne sont aucunement responsables des enregistrements défaillants, des minuteries erronées, des heures perdues ou tout autre effet indésirable.</disclaimer>
    <disclaimer lang="fr_FR">Logiciel en cours d'élaboration ! Les auteurs ne sont en aucun cas responsables de l'échec des enregistrements, programmations défectueuses, temps perdu ou autres effets indésirables.</disclaimer>
    <disclaimer lang="gl_ES">Software non estable, os autores non se fan responsábeis dos erros na gravacións, temporizadores incorrectos, e outros efectos non desexados.</disclaimer>
    <disclaimer lang="he_IL">זוהי איננה הרחבה יציבה! המפתחים אינם אחראים על כשלון בניגון, זמנים שגויים במדריך השידורים, שעות מבוזבזות או כל תופעה לא רצויה אחרת.</disclaimer>
    <disclaimer lang="hr_HR">Ovo je nestabilan softver! Autori nisu ni na koji način odgovorni za neuspjelo snimanje, netočna vremena snimanja, izgubljene sate, ili bilo koje druge nepoželjne učinke.</disclaimer>
    <disclaimer lang="hu_HU">Ez nem stabil szoftver! A készítők nem vállalnak felelősséget, a hibás felvételért, rossz időzítésért, elvesztegetett időért...</disclaimer>
    <disclaimer lang="hy_AM">Սա անկայուն ծրագրային ապահովում է: Հեղինակները պատասխանատու չեն վատ ձայնագրումների, սխալ ժամանակացույցերի, կորած ժամանակի կամ այլ ոչ ցանկալի երևույթների համար:</disclaimer>
    <disclaimer lang="id_ID">Ini merupakan software yang tidak stabil! Penulis tidak bertanggung jawab untuk rekaman gagal, timer salah, waktu terbuang, atau efek tak diinginkan lainnya...</disclaimer>
    <disclaimer lang="is_IS">Þetta er óstöðugur hugbúnaður! Höfundarnir eru á engan hátt ábyrgir fyrir misheppnuðum upptökum, röngum upptökutímum, klukkustundum sem að fóru í súginn eða nokkrum öðrum óæskilegum áhrifum.</disclaimer>
    <disclaimer lang="it_IT">Questo software è instabile! Gli autori non sono in alcun modo responsabile per le fallite registrazioni, timer non corretti, ore perse o qualsiasi altro effetto non desiderato...</disclaimer>
    <disclaimer lang="ja_JP">これは不安定なソフトウェアです！本プログラムの作者は、録画の失敗、正確に作動しなかったタイマー、無駄にした時間、その他あらゆる好ましくない結果について責任を負わないものとします。</disclaimer>
    <disclaimer lang="ko_KR">이 소프트웨어는 불안정합니다! 제작자는 녹화 실패, 부정확한 타이머, 시간 낭비 및 기타 예상하지 못한 결과에 대해 책임지지 않습니다..</disclaimer>
    <disclaimer lang="lt_LT">Tai yra nestabili programinė įranga! Autorius jokiu būdu neatsakingas už nepavykusius įrašus, neteisingus laikmačius, iššvaistytas valandas, ar nutikus kitiems nepageidaujamiems poveikiams ...[COLOR=red](Kodi.lt rekomenduoja/siūlo testuojant šį priedą persijungti į Anglų [orinali] kalbą)[/COLOR]</disclaimer>
    <disclaimer lang="lv_LV">Šī ir nestabila programmatūra! Autori nav atbildīgi par nesanākušiem ierakstiem, nepareiziem taimeriem, iztērētām stundām vai jebkādiem citiem nevēlamiem efektiem..</disclaimer>
    <disclaimer lang="mk_MK">Ова е нестабилен софтвер! Авторите на ниту еден начин не одговараат за неуспешни снимки, неточни тајмери, потрошени часови, или било кои други несакани ефекти.</disclaimer>
    <disclaimer lang="mn_MN">Тус програм нь гүйцэд хийгдэж дуусаагүй! Зохиогч нь алдаатай бичлэг, цагийн буруу хөтлөлт, алдагдсан цаг хугацаа эсвэл бусад ямар нэгэн хүсээгүй үр дүнд хариуцлага хүлээхгүй.</disclaimer>
    <disclaimer lang="ms_MY">Ini merupakan perisian tidak stabil! Pengarang tidak bertanggungjawab atas kegagalan rakaman, pemasa tidak betul, masa yang dibazirkan, atau apa jua kesan yang tidak dikehendaki..</disclaimer>
    <disclaimer lang="mt_MT">Dan il-programm mhuwiex stabbli! L-Awturi m'humiex responsabbli bl-ebda mod għal rekordings li ma jirnexxewx, arloġġi żbaljati, siegħat moħlija, jew kwalunkwe effett ieħor mhux mixtieq.</disclaimer>
    <disclaimer lang="nb_NO">Dette er ustabil programvare! Skaperen har ikke på noen måte ansvar for feilede opptak, uriktige tidsur, bortkastede timer, eller andre uønskede effekter..</disclaimer>
    <disclaimer lang="nl_NL">Dit is instabiele software! De makers zijn op geen enkele wijze verantwoordelijk voor foutieve opnames, incorrecte timers, verloren uren, of andere ongewenste bijverschijnselen.</disclaimer>
    <disclaimer lang="pl_PL">Oprogramowanie nadal jest w fazie rozwoju i jest niestabilne! Autorzy w żaden sposób nie są odpowiedzialni za nieudane nagrania, błędy w harmonogramie nagrań, zmarnowany czas ani jakiekolwiek inne niepożądane efekty.</disclaimer>
    <disclaimer lang="pt_BR">Este é um software instável! Os autores não são responsáveis por falhas nas gravações, agendamentos incorretos, horas dispendidas, ou quaisquer outros efeitos indesejáveis</disclaimer>
    <disclaimer lang="pt_PT">Este software é instável! Os autores não podem ser responsabilizados por gravações falhadas, temporizadores incorretos, horas desperdiçadas ou qualquer outro tipo de efeitos indesejáveis...</disclaimer>
    <disclaimer lang="ro_RO">Acesta nu este o aplicație definitivă! Autorii nu sunt în nici un fel responsabili pentru înregistrări eșuate, cronometre incorecte, ore pierdute, sau orice alte efecte nedorite...</disclaimer>
    <disclaimer lang="ru_RU">Это тестовая программа! Авторы не несут ответственности за неудачные записи, неверные таймеры, потраченное время и прочие нежелательные эффекты..</disclaimer>
    <disclaimer lang="si_LK">මෙය අස්ථිර මෘදුකාංගයකි! මෙහි සිදුවන පටිගත කිරීම් අසාර්ථක වීම්, සාවද්‍ය මුහුර්තක, නාස්ති වූ කාලයන්, හෝ වෙනත් යමිකිසි නුසුදුසු බලපෑම් සඳහා කතෘ වග කියනු නොලැබේ.</disclaimer>
    <disclaimer lang="sk_SK">Tento softvér nie je stabilný! Autori nenesú žiadnu zodpovednosť za chybné nahrávky vysielania, nesprávne časovače alebo iné neželané udalosti spôsobené týmto softvérom..</disclaimer>
    <disclaimer lang="sl_SI">To je nestabilna programska oprema! Avtorji niso odgovorni za neuspela snemanja, nepravilne časovnike, zapravljen čas in katerikoli drug neželen učinek...</disclaimer>
    <disclaimer lang="sq_AL">Ky program nuk është ende stabël! Autorët e këtij programi nuk janë në as një menyr përgjegjës për rregistrime të gabuara, timer të pasaktë, kohë të humbur ose efekte të tilla të padëshirueshme.</disclaimer>
    <disclaimer lang="sr_RS">Овај софтвер је нестабилан! Аутори ни на који начин нису одговорни за неуспела снимања, неисправне тајмере, изгубљене сате, или било које друге нежељене ефекте.</disclaimer>
    <disclaimer lang="sr_RS@latin">Ovaj softver je nestabilan! Autori ni na koji način nisu odgovorni za neuspela snimanja, neispravne tajmere, izgubljene sate, ili bilo koje druge neželjene efekte.</disclaimer>
    <disclaimer lang="sv_SE">Detta är instabil mjukvara! Upphovsmännen är inte ansvariga för misslyckade inspelningar, inkorrekta timers, bortslösade timmar, eller några andra oönskade effekter..</disclaimer>
    <disclaimer lang="szl">To je niystabilny softwer! Autōry niy sōm ôdpedzialne za niypodarzōne graniy, niynŏleżne godziny EPG, stracōne godziny i inksze niychciane efekty.</disclaimer>
    <disclaimer lang="te_IN">ఇది అస్థిర సాఫ్ట్వేర్! విఫలమైన రికార్డింగ్లు, తప్పు టైమర్లు, వృధా గంటల, లేదా ఏ ఇతర అవాంఛనీయ ప్రభావాలకు ఏ విధంగా రచయితలు భాద్యుతులు కారు.</disclaimer>
    <disclaimer lang="tg_TJ">Ин нармафзори ноустувор аст! Муаллифон барои вайрониҳои сабт, вақтсанҷҳои нодуруст, соатҳои бефоида ва дигар таъсирҳои номатлуб ҷавобгар намебошанд.</disclaimer>
    <disclaimer lang="th_TH">นี่คือโปรแกรมที่ยังไม่เสถียร! ผู้เขียนไม่อยู่ในทางที่จะรับผิดชอบในการบันทึกที่ล้มเหลว, การตั้งเวลาที่ไม่ถูกต้อง, การเสียเวลา, หรือผลกระทบที่ไม่พึงประสงค์อื่น ๆ..</disclaimer>
    <disclaimer lang="tr_TR">Bu kararsız bir yazılımdır! Yapımcılar hatalı kayıtlardan, bozuk sürelerden, harcanan vakitten veya herhangi bir olumsuz etkiden dolayı sorumlu tutulamaz.</disclaimer>
    <disclaimer lang="uk_UA">Це нестабільна програма! Автори не несуть відповідальності за попсуті записи, неправильні таймери, втрачений час та інші небажані ефекти.</disclaimer>
    <disclaimer lang="vi_VN">Đây là phần mềm không ổn định! Các tác giả không chịu trách nhiệm đối với bản ghi chương trình thất bại, hẹn giờ không chính xác, giờ lãng phí, hoặc bất kỳ tác dụng không mong muốn khác..</disclaimer>
    <disclaimer lang="zh_CN">这是不稳定版的软件！作者不对录像失败、错误定时造成时间浪费或其它不良影响负责。</disclaimer>
    <disclaimer lang="zh_TW">這是測試版軟體！其原創作者並無法對於以下情況負責，包含：錄影失敗，不正確的定時設定，多餘時數，或任何產生的其它不良影響...</disclaimer>
    <platform>windows-x86_64</platform>
    <path>pvr.aguia.de.fogo+windows-x86_64/pvr.aguia.de.fogo-3.4.11.zip</path>
  </extension>
</addon>
