<?xml version="1.0" encoding="UTF-8" standalone="yes"?>
<addon id="plugin.video.aguia.hentai.18" name="[COLORlime]AGUIA[/COLOR] [COLORyellow]HENTAI+18[/COLOR]" version="0.0.1" provider-name="@By_Flecha_Negra"> 
    <requires>
        <import addon="script.module.simplejson" />
        <import addon="script.module.six" />
        <import addon="script.module.kodi-six" />
		<import addon="script.module.requests"/>
		<import addon="script.module.beautifulsoup4"/>
    </requires>  
    <extension point="xbmc.python.pluginsource" library="default.py">
        <provides>video</provides>
    </extension>
    <extension point="xbmc.addon.metadata">
		<summary lang="pt">hentai é um addon de animes aguia hentai 18</summary>
		<description lang="pt">Todos os videos são de sites terceiros, não hospedamos conteudo</description>
        <platform>all</platform>
        <disclaimer>The author of this addon do not host any of the content which is found and have no affiliation with any of the content providers. This addon simply searches websites for content. Use at your own risk!</disclaimer>
        <assets>
            <icon>icon.png</icon>
            <fanart>fanart.jpg</fanart>
        </assets>
    </extension>
</addon>    