<?xml version="1.0" encoding="UTF-8"?>
<addon
  id="resource.language.pt_pt"
  version="3.0.10"
  name="Portuguese"
  provider-name="Team Kodi">
  <requires>
    <import addon="kodi.resource" version="1.0.0"/>
  </requires>
  <extension
    point="kodi.resource.language"
    locale="pt_PT">
    <charsets>
      <gui unicodefont="true">CP1252</gui>
      <subtitle>CP1252</subtitle>
    </charsets>
    <sorttokens>
      <token>The</token>
      <token>O</token>
      <token>A</token>
      <token>Os</token>
      <token>As</token>
    </sorttokens>
  </extension>
  <extension point="kodi.addon.metadata">
    <summary lang="en">Portuguese language pack</summary>
    <description lang="en">Portuguese version of all texts used in Kodi.</description>
    <platform>all</platform>
  </extension>
</addon>
