<?xml version="1.1" encoding="UTF-8" standalone="yes"?>
<addon id="plugin.video.aguiagold" name="[COLORred]Aguia[COLORgold]Gold[/COLOR]" version="3.1.5" provider-name="[COLORchocolate]@by_black[COLORgold]_eagle[/COLOR]">
  <requires>
        <import addon="script.module.six" />
        <import addon="script.module.requests" />
        <import addon="script.module.kodi-six" />
  </requires>
  <extension point="xbmc.python.pluginsource"
            library="default.py">
        <provides>video</provides>
 	</extension>  
<extension point="xbmc.addon.metadata">
		<summary>Canais de Televisão, desportos e mais...</summary>
		<description lang="en">[COLOR red]aguia[/COLOR] [COLORorange]gold[/COLOR] [COLORorange]é um addon da familia Blackeagle Team.TODOS OS LINKS ESTÃO DISPONIVEIS NA INTERNET![/COLOR]</description>
		<platform>all</platform>
		<assets>
       <icon>icon.png</icon>
       <fanart>fanart.jpg</fanart>
       <screenshot>resources/screenshots/1.jpg</screenshot>
       <screenshot>resources/screenshots/2.jpg</screenshot>
       <screenshot>resources/screenshots/3.jpg</screenshot>
    </assets>
  </extension>
</addon>
