<?xml version="1.0" encoding="UTF-8"?>
<addon
  id="inputstream.rtmp"
  version="20.3.0"
  name="RTMP Input"
  provider-name="spiff">
  <requires>
<import addon="kodi.binary.global.main" minversion="2.0.0" version="2.0.2"/>
<import addon="kodi.binary.global.general" minversion="1.0.4" version="1.0.5"/>
<import addon="kodi.binary.instance.inputstream" minversion="3.2.0" version="3.2.0"/></requires>
  <extension
    point="kodi.inputstream"
    name="rtmp"
    protocols="rtmp|rtmpt|rtmpe|rtmpte|rtmps"
    listitemprops="SWFPlayer|swfurl|PageURL|PlayPath|TcUrl|IsLive|swfvfy"
    library_android="libinputstream.rtmp.so" />
  <extension point="xbmc.addon.metadata">
    <platform>android-aarch64</platform>
    <license>GPL-2.0-or-later</license>
    <source>https://github.com/xbmc/inputstream.rtmp</source>
    <assets>
      <icon>icon.png</icon>
    </assets>
    <summary lang="ca_ES">Client per a transmissió RTMP</summary>
    <summary lang="cs_CZ">Klient přenosů RTMP</summary>
    <summary lang="da_DK">Klient til RTMP-streams</summary>
    <summary lang="de_DE">Client für RTMP-Streams</summary>
    <summary lang="en_GB">Client for RTMP streams</summary>
    <summary lang="es_ES">Cliente para flujos RTMP</summary>
    <summary lang="es_MX">Cliente para flujos RTMP</summary>
    <summary lang="fi_FI">Asiakaspääte RTMP-mediavirroille</summary>
    <summary lang="hr_HR">Klijent za RTMP strujanja</summary>
    <summary lang="it_IT">Client per flussi RTMP</summary>
    <summary lang="ko_KR">RTMP 스트림용 클라이언트</summary>
    <summary lang="pl_PL">Klient strumieni RTMP</summary>
    <summary lang="ru_RU">Клиент для трансляции потоков RTMP</summary>
    <summary lang="zh_CN">RTMP 流的客户端</summary>
    <description lang="ca_ES">El protocol de missatgeria en temps real (RTMP) és un protocol de xarxa propietari desenvolupat per Adobe Inc. per transmetre àudio, vídeo i altres dades a través d&apos;Internet des d&apos;un servidor multimèdia a un reproductor flash.[CR][CR]Aquest complement implementa el suport de transmissió RTMP per a Kodi i per als complements instal·lats.</description>
    <description lang="cs_CZ">Real Time Messaging Protocol (RTMP) je patentovaný síťový protokol vyvinutý společností Adobe Inc. pro přenos zvuku, videa a dalších dat přes internet z multimediálního serveru do přehrávače.[CR][CR]Tento doplněk implementuje podporu proudů RTMP pro Kodi a instalované doplňky.</description>
    <description lang="da_DK">Real Time Messaging Protocol (RTMP) er en proprietær netværksprotokol udviklet af Adobe Inc. til at overføre lyd, video og andre data via internettet fra en medieserver til en flashafspiller.[CR][CR]Dette add-on implementerer RTMP-understøttelse af streaming til Kodi og installerede add-ons.</description>
    <description lang="de_DE">Das Real Time Messaging Protocol (RTMP) ist ein proprietäres Netzwerkprotokoll, das von Adobe Inc. entwickelt wurde, um Audio-, Video- und andere Daten über das Internet von einem Medienserver zu einem Flash Player zu übertragen.[CR][CR]Dieses Addon implementiert die RTMP-Streaming-Unterstützung für Kodi und installierte Add-Ons.</description>
    <description lang="en_GB">The Real Time Messaging Protocol (RTMP) is a proprietary network protocol developed by Adobe Inc. to transmit audio, video and other data over the Internet from a media server to a flash player.[CR][CR]This addon implements RTMP streaming support for Kodi and installed add-ons.</description>
    <description lang="es_ES">El Protocolo de Mensajería en Tiempo Real (RTMP) es un protocolo de red propietario desarrollado por Adobe Inc. para transmitir audio, vídeo y otros datos por Internet desde un servidor de contenido a un reproductor flash.[CR][CR]Este addon implementa el soporte para RTMP en Kodi y para el resto de addons instalados.</description>
    <description lang="es_MX">El Protocolo de Mensajería en Tiempo Real (RTMP) es un protocolo de red propietario desarrollado por Adobe Inc. para transmitir audio, video y otros datos por internet desde un servidor de medios a un reproductor flash.[CR][CR]Este complemento implementa el soporte de reproducción RTMP para Kodi y para cualquier complemento instalado.</description>
    <description lang="fi_FI">Real Time Messaging Protocol (RTMP) on Adoben kehittämä verkkoprotokolla äänen, videon ja muun tiedon siirtoon madiapalvelimen ja Flash-soittimen välillä Internetin välityksellä.[CR][CR]Tämä lisäosa mahdollistaa RTMP-suoratoiston Kodille ja asennetuille lisäosille.</description>
    <description lang="hr_HR">Protokol slanja poruka u stvarnom vremenu (RTMP) je vlasnički mrežni protokol razvijen od strane Adobe Inc. za odašiljanje zvuka, videa i drugih podataka putem interneta s medijskog poslužitelja prema Flash reproduktoru.[CR][CR]Ovaj dodatak implementira podršku RTMP strujanja za Kodi i instalirane dodatke.</description>
    <description lang="it_IT">Il Real Time Messaging Protocol (RTMP) è un protocollo di rete proprietario sviluppato da Adobe Inc. per trasmettere audio, video e altri dati su Internet da un server multimediale a un lettore flash.[CR][CR]Questo componente aggiuntivo implementa il supporto dello streaming RTMP per Kodi e per gli add-on.</description>
    <description lang="ko_KR">실시간 메시징 프로토콜(RTMP)은 인터넷을 통해 미디어 서버에서 플래시 플레이어로 오디오, 비디오 및 기타 데이터를 전송하기 위해 Adobe Inc.에서 개발한 독점 네트워크 프로토콜입니다.[CR][CR]이 애드온은 Kodi와 설치된 애드온을 위한 RTMP 스트리밍 지원을 구현합니다.</description>
    <description lang="pl_PL">Protokół RTMP (Real Time Messaging Protocol) to własnościowy protokół sieciowy opracowany przez firmę Adobe Inc. do przesyłania dźwięku, obrazu i innych danych przez Internet z serwera multimediów do odtwarzacza Flash.[CR][CR]Ten dodatek implementuje obsługę przesyłania strumieniowego RTMP dla Kodi i zainstalowanych dodatków.</description>
    <description lang="ru_RU">Протокол обмена сообщениями в реальном времени (The Real Time Messaging Protocol - RTMP) - это запатентованный сетевой протокол, разработанный компанией Adobe Inc. для передачи аудио, видео и других данных через Интернет с медиа-сервера на флеш-плеер.[CR][CR]Это приложение реализует поддержку потоковой передачи RTMP для Kodi и установленных дополнений.</description>
    <description lang="zh_CN">实时消息协议（RTMP）是 Adobe Inc. 开发的一种专有网络协议，用于通过互联网将音频、视频和其他数据从媒体服务器传输到 flash 播放器。[CR][CR]此插件实现对 Kodi 和已安装插件的 RTMP 流支持。</description>
  </extension>
</addon>
